"Scores","Manchester City","Liverpool","Chelsea","Tottenham","Arsenal","West Ham","Manchester Utd","Wolves","Crystal Palace","Leicester City","Aston Villa","Southampton","Brighton","Brentford","Newcastle Utd","Leeds United","Everton","Watford","Burnley","Norwich City"
"Manchester City","","","","","","","","","","","","","","","","","","","",""
"Liverpool","","","","","","","","","","","","","","","","","","","",""
"Chelsea","","","","","","","","","","","","","","","","","","","",""
"Tottenham","","","","","","","","","","","","","","","","","","","",""
"Arsenal","","","","","","","","","","","","","","","","","","","",""
"West Ham","","","","","","","","","","","","","","","","","","","",""
"Manchester Utd","","","","","","","","","","","","","","","","","","","",""
"Wolves","","","","","","","","","","","","","","","","","","","",""
"Crystal Palace","","","","","","","","","","","","","","","","","","","",""
"Leicester City","","","","","","","","","","","","","","","","","","","",""
"Aston Villa","","","","","","","","","","","","","","","","","","","",""
"Southampton","","","","","","","","","","","","","","","","","","","",""
"Brighton","","","","","","","","","","","","","","","","","","","",""
"Brentford","","","","","","","","","","","","","","","","","","","",""
"Newcastle Utd","","","","","","","","","","","","","","","","","","","",""
"Leeds United","","","","","","","","","","","","","","","","","","","",""
"Everton","","","","","","","","","","","","","","","","","","","",""
"Watford","","","","","","","","","","","","","","","","","","","",""
"Burnley","","","","","","","","","","","","","","","","","","","",""
"Norwich City","","","","","","","","","","","","","","","","","","","",""
